{"cameraMode":{"drawMode":0,"name":"Shaded","section":"Shading Mode"},"sceneLighting":true,"audioPlay":false,"sceneViewState":{"m_AlwaysRefresh":false,"showFog":true,"showSkybox":true,"showFlares":true,"showImageEffects":true,"showParticleSystems":true,"showVisualEffectGraphs":true,"m_FxEnabled":true},"in2DMode":false,"pivot":{"x":417.9004211425781,"y":247.14285278320313,"z":2.51678466796875},"rotation":{"x":0.005690938793122768,"y":-0.006899924948811531,"z":-0.00003690704033942893,"w":-0.9999632239341736},"size":462.64892578125,"orthographic":false}