{"cameraMode":{"drawMode":0,"name":"Shaded","section":"Shading Mode"},"sceneLighting":true,"audioPlay":false,"sceneViewState":{"m_AlwaysRefresh":false,"showFog":true,"showSkybox":true,"showFlares":true,"showImageEffects":true,"showParticleSystems":true,"showVisualEffectGraphs":true,"m_FxEnabled":true},"in2DMode":false,"pivot":{"x":425.48248291015627,"y":225.61273193359376,"z":73.96748352050781},"rotation":{"x":-0.057269565761089328,"y":0.017069702968001367,"z":-0.000977461808361113,"w":-0.9982187747955322},"size":324.98956298828127,"orthographic":false}