{"cameraMode":{"drawMode":0,"name":"Shaded","section":"Shading Mode"},"sceneLighting":true,"audioPlay":false,"sceneViewState":{"m_AlwaysRefresh":false,"showFog":true,"showSkybox":true,"showFlares":true,"showImageEffects":true,"showParticleSystems":true,"showVisualEffectGraphs":true,"m_FxEnabled":true},"in2DMode":false,"pivot":{"x":485.81951904296877,"y":203.5182342529297,"z":-1.4332275390625},"rotation":{"x":0.019174916669726373,"y":0.039581019431352618,"z":0.000761629082262516,"w":-0.9990396499633789},"size":296.7106628417969,"orthographic":false}